RegionName,StateName,Latitude,Longitude
Acampo,California,38.1746398,-121.2785588
Acton,California,34.469994,-118.1967418
Adelanto,California,34.5827699,-117.409215
Adin,California,41.1941359,-120.9442135
Agoura Hills,California,34.1533395,-118.7616764
Agua Dulce,California,34.4963817,-118.3256348
Aguanga,California,33.442702,-116.8651224
Ahwahnee,California,37.3651749,-119.726218
Alameda,California,37.7798721,-122.2821855
Alamo,California,37.8502032,-122.032184
Albany,California,37.886704,-122.2977557
Albion,California,39.2232406,-123.7680598
Alderpoint,California,40.1763525,-123.6122022
Alhambra,California,34.095287,-118.1270146
Aliso Viejo,California,33.5684605,-117.7262981
Alleghany,California,39.4692306,-120.8429926
Alondra Park,California,33.8894595,-118.3309073
Alpaugh,California,35.8877316,-119.4873422
Alpine,California,32.8350521,-116.7664109
Alta,California,39.206736,-120.8114612
Altadena,California,34.190162,-118.1313188
Alturas,California,41.4871146,-120.5424555
Alum Rock,California,37.370829,-121.8206743
Amador City,California,38.4193553,-120.824103
Amboy,California,34.5577721,-115.7444411
American Canyon,California,38.1749178,-122.2608044
Anaheim,California,33.8365932,-117.9143012
Anderson,California,40.448208,-122.2977815
Angelus Oaks,California,34.1458435,-116.9825321
Angwin,California,38.5757402,-122.4499796
Annapolis,California,38.7196855,-123.3677589
Antioch,California,38.0049214,-121.805789
Anza,California,33.5552692,-116.6741822
Apple Valley,California,34.5008311,-117.1858759
Applegate,California,39.0007303,-120.9924431
Aptos,California,36.9771729,-121.8994016
Arbuckle,California,39.0173963,-122.0577477
Arcadia,California,34.1397292,-118.0353449
Arcata,California,40.8665166,-124.0828396
Arden-Arcade,California,38.6008071,-121.3770336
Armona,California,36.3157833,-119.7084642
Arnold,California,38.2554729,-120.3510307
Aromas,California,36.8885646,-121.6430011
Arroyo Grande,California,35.1185868,-120.5907252
Artesia,California,33.8658484,-118.0831212
Arvin,California,35.2017986,-118.833105
Atascadero,California,35.4894169,-120.6707255
Atherton,California,37.4613272,-122.197743
Atwater,California,37.3477174,-120.609084
Auberry,California,37.0807823,-119.4854113
Auburn,California,38.8965654,-121.0768901
August,California,37.9770696,-121.2617471
Avalon,California,33.3428193,-118.3282279
Avenal,California,36.0041223,-120.1290272
Avery,California,38.204363,-120.3699194
Avila Beach,California,35.1800113,-120.7319127
Avocado Heights,California,34.0361217,-117.9911765
Azusa,California,34.1336186,-117.9075627
Badger,California,36.6310707,-119.0133462
Baker,California,35.2675155,-116.0739073
Bakersfield,California,35.3732921,-119.0187125
Baldwin Park,California,34.0852868,-117.9608978
Ballico,California,37.4522617,-120.7018349
Bangor,California,39.3886118,-121.4053135
Banning,California,33.9255713,-116.8764103
Bard,California,32.7892117,-114.5560618
Barstow,California,34.8957957,-117.0172826
Bass Lake,California,37.3366179,-119.5794383
Bayside,California,40.8423507,-124.0636715
Beale AFB,California,39.111504,-121.3598812
Bear Valley,California,38.4646337,-120.0399088
Beaumont,California,33.9294606,-116.977248
Beckwourth,California,39.8201799,-120.3788225
Bell,California,33.9775142,-118.1870156
Bell Canyon,California,34.2058492,-118.6901774
Bell Gardens,California,33.9652918,-118.1514588
Bella Vista,California,40.6315045,-122.2686718
Bellflower,California,33.8816818,-118.1170117
Belmont,California,37.5202145,-122.2758008
Belvedere,California,37.8727044,-122.4644171
Ben Lomond,California,37.0891143,-122.0863528
Benicia,California,38.049365,-122.1585777
Benton,California,37.819099,-118.4765094
Berkeley,California,37.8715226,-122.273042
Berry Creek,California,39.6451637,-121.4032995
Bethel Island,California,38.0149216,-121.6405085
Beverly Hills,California,34.0736204,-118.4003563
Bieber,California,41.1212775,-121.1441396
Big Bar,California,40.7400047,-123.2513523
Big Bear City,California,34.2611183,-116.84503
Big Bear Lake,California,34.2438963,-116.9114215
Big Bend,California,41.0207132,-121.911107
Big Creek,California,37.2048997,-119.2460242
Big Oak Flat,California,37.8617633,-120.1935663
Big Pine,California,37.1649307,-118.289546
Big Sur,California,36.2704233,-121.8080556
Biggs,California,39.4123876,-121.7127513
Biola,California,36.8021676,-120.0162684
Birds Landing,California,38.1328618,-121.8708558
Bishop,California,37.3614238,-118.3996636
Blocksburg,California,40.2759769,-123.6364206
Bloomington,California,34.07029,-117.3958797
Blue Lake,California,40.8829072,-123.9839488
Blythe,California,33.6177725,-114.5882607
Bodega,California,38.3454326,-122.9738259
Bodega Bay,California,38.33325,-123.0480571
Bodfish,California,35.588009,-118.4920303
Bolinas,California,37.9093702,-122.6863733
Bonita,California,32.6583258,-117.0352904
Bonsall,California,33.2889226,-117.2255903
Boonville,California,39.0089749,-123.3671551
Boron,California,34.9994202,-117.6497822
Borrego Springs,California,33.2558717,-116.375012
Boulder Creek,California,37.1260578,-122.1221869
Boulevard,California,32.6636254,-116.2738148
Bradbury,California,34.1469511,-117.9708982
Bradley,California,35.8632993,-120.8007321
Branscomb,California,39.653491,-123.6255723
Brawley,California,32.9786566,-115.530267
Brea,California,33.916475,-117.9002918
Brentwood,California,37.931868,-121.6957863
Bridgeport,California,38.2557045,-119.2313932
Bridgeville,California,40.4694936,-123.7995008
Brisbane,California,37.6807661,-122.3999715
Brooks,California,38.7395726,-122.1484141
Browns Valley,California,39.2421139,-121.4091297
Brownsville,California,39.4732217,-121.2691283
Buellton,California,34.613597,-120.1926505
Buena Park,California,33.8674044,-117.9981387
Buena Vista,California,38.2943745,-120.914119
Burbank,California,34.1808392,-118.3089661
Burbank,California,34.1808392,-118.3089661
Burlingame,California,37.5778696,-122.34809
Burney,California,40.8823811,-121.6608205
Burnt Ranch,California,40.8090268,-123.4742085
Butte City,California,39.4632329,-121.9910564
Buttonwillow,California,35.400517,-119.4695619
Byron,California,37.8671476,-121.6380069
Cabazon,California,33.9175154,-116.7872399
Calabasas,California,34.1367208,-118.6614809
Calexico,California,32.6789476,-115.4988834
Caliente,California,35.2912425,-118.6286669
California City,California,35.125801,-117.9859038
California Hot Springs,California,35.8802168,-118.6766689
Calimesa,California,34.0039039,-117.0619755
Calipatria,California,33.1255957,-115.5141538
Calistoga,California,38.5787965,-122.5797054
Callahan,California,41.3095884,-122.8014177
Calpine,California,39.6662911,-120.4396558
Camarillo,California,34.2163937,-119.0376023
Cambria,California,35.5641381,-121.0807468
Cambrian Park,California,37.2570207,-121.931245
Camino,California,38.738046,-120.6743853
Camp Meeker,California,38.425192,-122.9594422
Campbell,California,37.2871651,-121.9499568
Campo,California,32.6075795,-116.4697321
Campo Seco,California,38.22714,-120.8532709
Camptonville,California,39.4521323,-121.048598
Canby,California,41.4437793,-120.8702442
Cantua Creek,California,36.50134,-120.3162666
Canyon,California,37.8306731,-122.1658805
Canyon Dam,California,40.1718324,-121.0727378
Canyon Lake,California,33.6850215,-117.2730931
Capay,California,38.7082349,-122.0507301
Capitola,California,36.9752283,-121.953293
Carlotta,California,40.537357,-124.0606039
Carlsbad,California,33.1580933,-117.3505939
Carmel Valley,California,36.4799024,-121.7327931
Carmel-by-the-Sea,California,36.5552386,-121.9232879
Carmichael,California,38.617127,-121.3282843
Carnelian Bay,California,39.2268512,-120.0818587
Carpinteria,California,34.3988838,-119.5184564
Carson,California,33.8316745,-118.281693
Caruthers,California,36.5427271,-119.8331965
Casmalia,California,34.8375116,-120.5315174
Caspar,California,39.3649223,-123.8144752
Cassel,California,40.9170121,-121.5571089
Castaic,California,34.4890363,-118.6256552
Castella,California,41.1384854,-122.3177877
Castro Valley,California,37.6955029,-122.0738678
Castroville,California,36.7619511,-121.7517702
Cathedral City,California,33.7805388,-116.4668036
Catheys Valley,California,37.4319861,-120.0985207
Cayucos,California,35.4427511,-120.8921254
Cazadero,California,38.5332335,-123.0852853
Cedarville,California,41.5290606,-120.1732781
Ceres,California,37.5947202,-120.9568815
Cerritos,California,33.8583483,-118.0647871
Challenge,California,39.4856136,-121.2311579
Chester,California,40.3062736,-121.2319098
Chico,California,39.7284944,-121.8374777
Chilcoot,California,39.8010589,-120.1329474
Chino,California,34.0122346,-117.688944
Chino Hills,California,33.9898188,-117.7325848
Chowchilla,California,37.1229997,-120.2601754
Chualar,California,36.5705171,-121.5185514
Chula Vista,California,32.6400541,-117.0841955
Cima,California,35.2377644,-115.4991602
Citrus Heights,California,38.7071247,-121.2810611
Claremont,California,34.0966764,-117.7197785
Clarksburg,California,38.4198403,-121.5294026
Clayton,California,37.9410341,-121.9357925
Clearlake,California,38.9582307,-122.6263728
Clearlake Oaks,California,39.0262841,-122.6719304
Clements,California,38.1909312,-121.0875922
Clio,California,39.7432328,-120.5802171
Clipper Mills,California,39.5326673,-121.1574587
Cloverdale,California,38.8054624,-123.0172227
Clovis,California,36.8252277,-119.7029194
Coachella,California,33.6803003,-116.173894
Coalinga,California,36.139678,-120.3601496
Coarsegold,California,37.2621686,-119.7009834
Cobb,California,38.8334625,-122.720961
Coleville,California,38.5661947,-119.5073942
Colfax,California,39.1007298,-120.9532759
Colma,California,37.6749036,-122.4561533
Colton,California,34.0739016,-117.3136547
Columbia,California,38.0363119,-120.4013061
Colusa,California,39.2143343,-122.0094175
Commerce,California,34.0005691,-118.1597929
Comptche,California,39.2646413,-123.5913484
Compton,California,33.8958492,-118.2200712
Concord,California,37.9779776,-122.0310733
Cool,California,38.8880247,-121.016225
Copperopolis,California,37.9810358,-120.6418716
Corcoran,California,36.098007,-119.5604015
Corning,California,39.9276572,-122.1791556
Corona,California,33.8752935,-117.5664384
Coronado,California,32.6858853,-117.1830891
Costa Mesa,California,33.6638439,-117.9047429
Cotati,California,38.3293416,-122.7096666
Coto de Caza,California,33.5951048,-117.5906715
Cottonwood,California,40.3857087,-122.2808355
Coulterville,California,37.7107484,-120.1972129
Country Club,California,37.9703735,-121.337811
Courtland,California,38.3315337,-121.5701857
Covelo,California,39.7929324,-123.2480687
Covina,California,34.0900091,-117.8903397
Crescent City,California,41.7557501,-124.2025913
Crescent Mills,California,40.0965579,-120.9107882
Cressey,California,37.4210518,-120.666696
Crestline,California,34.2419509,-117.2855993
Creston,California,35.5188572,-120.5236187
Crockett,California,38.0524208,-122.2130236
Crows Landing,California,37.3937203,-121.0720747
Cudahy,California,33.9608646,-118.1857858
Culver City,California,34.0211224,-118.3964665
Cupertino,California,37.3229978,-122.0321823
Cutler,California,36.5232833,-119.2867823
Cypress,California,33.8169366,-118.0368507
Daggett,California,34.8640316,-116.888098
Daly City,California,37.6879241,-122.4702079
Dana Point,California,33.4672256,-117.6981014
Danville,California,37.8215929,-121.9999606
Darwin,California,36.2679969,-117.5917348
Davenport,California,37.0135208,-122.1966597
Davis,California,38.5449065,-121.7405167
Davis Creek,California,41.7332245,-120.3718979
Deer Park,California,38.5326858,-122.4697022
Del Mar,California,32.9594891,-117.2653146
Del Monte Forest,California,36.5863492,-121.9474558
Del Rey,California,36.6591171,-119.593744
Del Rey Oaks,California,36.5932934,-121.8349515
Delano,California,35.7688425,-119.2470536
Delhi,California,37.4321589,-120.7785354
Denair,California,37.526323,-120.7968711
Descanso,California,32.8528287,-116.6158525
Desert Center,California,33.7133313,-115.4004287
Desert Hot Springs,California,33.961124,-116.5016784
Diablo,California,37.8349258,-121.9580149
Diamond Bar,California,34.0286226,-117.8103367
Diamond Springs,California,38.6946259,-120.8149355
Dillon Beach,California,38.2507515,-122.9652768
Dinuba,California,36.5432837,-119.3870656
Discovery Bay,California,37.9085357,-121.6002291
Dixon,California,38.4454641,-121.8232958
Dobbins,California,39.3715576,-121.2060694
Dorris,California,41.9673696,-121.91806
Dos Palos,California,36.9860582,-120.6265722
Dos Rios,California,39.7169901,-123.3533599
Douglas City,California,40.6518023,-122.9438195
Downey,California,33.9401088,-118.1331593
Downieville,California,39.5595198,-120.8276966
Doyle,California,40.0272338,-120.104056
Duarte,California,34.1394513,-117.9772873
Dublin,California,37.7159396,-121.9101221
Ducor,California,35.8916196,-119.047324
Dulzura,California,32.6442247,-116.7814093
Duncans Mills,California,38.453803,-123.0550013
Dunlap,California,36.738281,-119.1209469
Dunsmuir,California,41.2082089,-122.2719529
Durham,California,39.6462733,-121.7999767
Dutch Flat,California,39.2059586,-120.8378103
Eagleville,California,41.3161995,-120.1156498
Earlimart,California,35.8841206,-119.2723328
Earp,California,34.2128639,-114.213787
East Foothills,California,37.3810508,-121.8174533
East Los Angeles,California,34.0224417,-118.1669736
East Palo Alto,California,37.4688273,-122.1410751
East Pasadena,California,34.1382378,-118.0742249
Eastvale,California,33.952463,-117.5848025
Echo Lake,California,38.8337963,-120.0415726
Edison,California,34.0539466,-118.0808098
Edwards,California,34.9236438,-117.93744
El Cajon,California,32.7947731,-116.9625269
El Centro,California,32.792,-115.5630514
El Dorado,California,38.7426376,-120.4357631
El Dorado Hills,California,38.6857367,-121.082167
El Monte,California,34.0686206,-118.0275667
El Nido,California,37.1349185,-120.4921777
El Portal,California,37.6746514,-119.7840609
El Segundo,California,33.9191799,-118.4164652
El Sobrante,California,37.9771452,-122.2952474
Elk,California,39.1304105,-123.7172951
Elk Creek,California,39.6050699,-122.5398032
Elk Grove,California,38.4087993,-121.3716178
Elmira,California,38.3482442,-121.9099638
Elverta,California,38.7145064,-121.4628072
Emerald Lake Hills,California,37.4646603,-122.2680227
Emeryville,California,37.8395028,-122.2892278
Emigrant Gap,California,39.296845,-120.6727122
Empire,California,37.6382642,-120.9021536
Encinitas,California,33.0369867,-117.2919818
Escalon,California,37.7974273,-120.9966033
Escondido,California,33.1192068,-117.086421
Esparto,California,38.6921258,-122.0171925
Essex,California,34.7336444,-115.2448617
Etna,California,41.4568065,-122.8947551
Eureka,California,40.8020712,-124.1636729
Exeter,California,36.2960613,-119.1420517
Fair Oaks,California,38.6446264,-121.2721718
Fairfax,California,37.9871454,-122.5888686
Fairfield,California,38.2491956,-122.0405151
Fall River Mills,California,41.0046076,-121.4383139
Fallbrook,California,33.3764196,-117.2511466
Farmersville,California,36.2977283,-119.2067767
Farmington,California,37.929925,-121.0002168
Fawnskin,California,34.2680621,-116.9425342
Fellows,California,35.1785779,-119.5412328
Felton,California,37.0513374,-122.0732973
Ferndale,California,40.5762406,-124.2639441
Fiddletown,California,38.5039105,-120.7565689
Fields Landing,California,40.7249124,-124.2163772
Fillmore,California,34.3991639,-118.918154
Finley,California,39.0043407,-122.8755498
Firebaugh,California,36.8588376,-120.4560072
Fish Camp,California,37.4781746,-119.6391413
Five Points,California,36.4296358,-120.1030632
Florence-Graham,California,33.9671978,-118.2436197
Florin,California,38.4960187,-121.4088416
Flournoy,California,39.920433,-122.4361082
Folsom,California,38.6779591,-121.1760583
Fontana,California,34.0922335,-117.435048
Forbestown,California,39.5171268,-121.2671825
Forest Falls,California,34.0883449,-116.9203046
Forest Ranch,California,39.873843,-121.6810778
Foresthill,California,39.0201768,-120.8179891
Forestville,California,38.4735237,-122.8902721
Fort Bidwell,California,41.8605328,-120.15207
Fort Bragg,California,39.445723,-123.8052935
Fort Jones,California,41.6076387,-122.8403099
Fortuna,California,40.5981867,-124.1572756
Foster City,California,37.5585465,-122.2710788
Fountain Valley,California,33.7090212,-117.9544069
Fowler,California,36.6305058,-119.6784697
Frazier Park,California,34.8227556,-118.9448219
Freedom,California,36.938468,-121.8021647
Fremont,California,37.5485396,-121.988583
French Camp,California,37.8817227,-121.2747843
French Gulch,California,40.7007031,-122.6383511
Fresno,California,36.7377981,-119.7871247
Friant,California,36.9877274,-119.7118118
Fruitdale,California,37.3117785,-121.9373561
Fullerton,California,33.8703645,-117.9242123
Fulton,California,38.4956463,-122.7704616
Galt,California,38.2546373,-121.2999485
Garberville,California,40.1000828,-123.7949199
Garden Acres,California,37.9644586,-121.2303545
Garden Grove,California,33.7742692,-117.9379952
Garden Valley,California,38.8540675,-120.8593809
Gardena,California,33.8883487,-118.3089624
Gasquet,California,41.8454831,-123.969508
Gazelle,California,41.5207015,-122.5202995
Georgetown,California,38.9068445,-120.8385462
Gerber,California,40.0562678,-122.1502688
Geyserville,California,38.7074755,-122.9027647
Gilroy,California,37.0029828,-121.5566373
Glen Ellen,California,38.3640795,-122.5241487
Glencoe,California,38.3540801,-120.5849283
Glendale,California,34.1425078,-118.255075
Glendora,California,34.1361187,-117.865339
Glenhaven,California,39.0281186,-122.7357829
Glenn,California,39.5218283,-122.0138651
Glennville,California,35.728927,-118.7037287
Gold Run,California,39.180731,-120.8557726
Goleta,California,34.4358294,-119.8276389
Gonzales,California,36.5066295,-121.4443806
Goodyears Bar,California,39.5398949,-120.8843931
Graeagle,California,39.7662874,-120.6185519
Grand Terrace,California,34.0339031,-117.3136544
Granite Bay,California,38.7632345,-121.1638361
Grass Valley,California,39.2190608,-121.0610606
Graton,California,38.4363022,-122.8697158
Green Valley,California,34.6216542,-118.4139702
Green Valley Lake,California,34.2408403,-117.0772605
Greenfield,California,36.3207998,-121.2438138
Greenville,California,40.1396126,-120.9510675
Greenwood,California,38.8994054,-120.9147455
Grenada,California,41.6403585,-122.5267628
Gridley,California,39.3637773,-121.6935833
Grimes,California,39.0743383,-121.8938583
Groveland,California,37.8388779,-120.2308167
Grover Beach,California,35.1216424,-120.6212821
Guadalupe,California,34.971644,-120.5718363
Gualala,California,38.7722996,-123.5340084
Guerneville,California,38.5018575,-122.9961102
Guinda,California,38.8291965,-122.1928955
Gustine,California,37.2577171,-120.9988154
Hacienda Heights,California,33.9930677,-117.9686755
Half Moon Bay,California,37.4635519,-122.4285862
Hamilton City,California,39.7426598,-122.0135914
Hanford,California,36.3274502,-119.6456844
Happy Camp,California,41.792654,-123.3785705
Harmony,California,35.5085836,-121.0226879
Hat Creek,California,40.8304382,-121.513592
Hawaiian Gardens,California,33.8314045,-118.0728424
Hawthorne,California,33.9164032,-118.3525748
Hayfork,California,40.5543106,-123.1830839
Hayward,California,37.6687665,-122.0809964
Healdsburg,California,38.6104658,-122.8691609
Heber,California,32.7308911,-115.529718
Helendale,California,34.7402853,-117.3257169
Helm,California,36.5316159,-120.0982058
Hemet,California,33.7475203,-116.9719684
Herald,California,38.2947578,-121.2455569
Hercules,California,38.0171441,-122.2885808
Herlong,California,40.1439386,-120.1346535
Hermosa Beach,California,33.8622366,-118.3995194
Hesperia,California,34.4263886,-117.3008784
Hickman,California,37.6235428,-120.7538163
Hidden Hills,California,34.1648798,-118.6647537
Hidden Valley Lake,California,38.8079573,-122.5583155
Highland,California,34.1283442,-117.2086513
Highlands-Baywood Park,California,37.5293632,-122.3470544
Hillsborough,California,37.5741032,-122.3794163
Hilmar,California,37.4040942,-120.8504738
Hinkley,California,34.9344769,-117.1993469
Hollister,California,36.8524545,-121.4016021
Holtville,California,32.8111612,-115.3802643
Home Gardens,California,33.8780714,-117.5208816
Homeland,California,33.7430759,-117.1091967
Homewood,California,39.0862733,-120.1607425
Homewood Canyon-Valley Wells,California,35.8469354,-117.3851496
Honeydew,California,40.2432341,-124.1230133
Hoopa,California,41.0491723,-123.6770485
Hopland,California,38.9729541,-123.1163918
Hornbrook,California,41.9101394,-122.5558584
Hornitos,California,37.5021592,-120.238241
Hughson,California,37.6020139,-120.8653488
Hume,California,36.7864644,-118.9136687
Huntington Beach,California,33.6594835,-117.9988026
Huntington Park,California,33.9816812,-118.2250725
Huron,California,36.2027308,-120.1029177
Hyampom,California,40.6173635,-123.4525362
Hydesville,California,40.5476338,-124.097272
Idyllwild,California,33.7467471,-116.7152556
Igo,California,40.5047642,-122.5417998
Imperial,California,32.8475528,-115.5694391
Imperial Beach,California,32.5839444,-117.1130849
Independence,California,36.8027102,-118.2000951
Indian Wells,California,33.717631,-116.3407549
Indio,California,33.7205771,-116.2155619
Inglewood,California,33.9616801,-118.3531311
Inverness,California,38.1010337,-122.8569377
Inyokern,California,35.6468991,-117.8125674
Ione,California,38.3526912,-120.9327177
Irvine,California,33.6845673,-117.8265049
Irwindale,California,34.1069527,-117.9353413
Isla Vista,California,34.4133292,-119.8609718
Isleton,California,38.1618614,-121.6116206
Ivanhoe,California,36.3871725,-119.2178889
Jackson,California,38.3488023,-120.7741018
Jacumba,California,32.61768,-116.1874241
Jamestown,California,37.9532584,-120.4226952
Jamul,California,32.7169988,-116.8761347
Janesville,California,40.2840423,-120.5394232
Jenner,California,38.4497134,-123.1151969
Johannesburg,California,35.3727406,-117.6347823
Joshua Tree,California,34.134728,-116.3130661
Julian,California,33.0786552,-116.6019637
Junction City,California,40.7300937,-123.0547104
June Lake,California,37.7797825,-119.0754232
Keeler,California,36.4871576,-117.8739694
Keene,California,35.2235728,-118.5623117
Kelseyville,California,38.9779531,-122.8394375
Kennedy,California,37.9312328,-121.2501919
Kensington,California,37.9104805,-122.2802471
Kentfield,California,37.9521465,-122.5571997
Kenwood,California,38.4137198,-122.545828
Kerman,California,36.7235572,-120.059879
Kernville,California,35.7546732,-118.4253627
Kettleman City,California,36.0082864,-119.9617998
Keyes,California,37.5565994,-120.9154858
King City,California,36.2127439,-121.1260287
Kings Beach,California,39.2376846,-120.0265798
Kingsburg,California,36.5138398,-119.5540175
Kirkwood,California,38.7023082,-120.0722442
Klamath,California,41.5265092,-124.0384069
Klamath River,California,41.7784714,-123.0336387
Kneeland,California,40.7646602,-123.997726
Knights Landing,California,38.7997029,-121.7205738
Korbel,California,38.5076904,-122.964442
Kyburz,California,38.7746298,-120.2968596
La Canada Flintridge,California,34.2068182,-118.2000277
La Crescenta-Montrose,California,34.228754,-118.2351192
La Grange,California,37.6635433,-120.4635289
La Habra,California,33.9318591,-117.946137
La Habra Heights,California,33.9608461,-117.9506186
La Honda,California,37.3190255,-122.274227
La Mesa,California,32.7678287,-117.0230839
La Mirada,California,33.9172357,-118.0120086
La Palma,California,33.8463218,-118.0461393
La Puente,California,34.0200114,-117.9495083
La Quinta,California,33.6633573,-116.3100095
La Riviera,California,38.5668504,-121.356896
La Verne,California,34.1008426,-117.7678355
Ladera Heights,California,33.9877762,-118.3703703
Ladera Ranch,California,33.550735,-117.6411717
Lafayette,California,37.8857582,-122.1180201
Laguna Beach,California,33.5427189,-117.7853568
Laguna Hills,California,33.5916433,-117.6986604
Laguna Niguel,California,33.5236744,-117.7149438
Laguna Woods,California,33.6101702,-117.7251162
Lagunitas,California,38.0113119,-122.7022085
Lake Arrowhead,California,34.2483396,-117.1892078
Lake City,California,39.35861,-120.94056
Lake Elsinore,California,33.6680772,-117.3272615
Lake Forest,California,33.6469437,-117.6861023
Lake Hughes,California,34.6773324,-118.4525466
Lake Isabella,California,35.6180087,-118.473141
Lakehead,California,40.90515,-122.3791777
Lakeport,California,39.0429506,-122.9158293
Lakeshore,California,37.2530002,-119.1748429
Lakeside,California,32.8572718,-116.9222488
Lakewood,California,33.8536269,-118.1339563
Lamont,California,35.2596833,-118.9142666
Lancaster,California,34.6867846,-118.1541632
Landers,California,34.266114,-116.3930703
Larkspur,California,37.9340915,-122.5352539
Lathrop,California,37.8227046,-121.27661
Laton,California,36.4332835,-119.686799
Lawndale,California,33.887237,-118.3525744
Laytonville,California,39.6882116,-123.4827942
Le Grand,California,37.228554,-120.2482336
Lebec,California,34.8416435,-118.8648189
Lee Vining,California,37.957592,-119.119943
Leggett,California,39.8654841,-123.7148275
Lemon Cove,California,36.3748689,-119.0314451
Lemon Grove,California,32.7425516,-117.0314172
Lemoore,California,36.3007835,-119.7829107
Lewiston,California,40.6989943,-122.8080663
Lexington Hills,California,37.164668,-121.9730139
Likely,California,41.2304507,-120.5041193
Lincoln,California,38.891565,-121.2930079
Lincoln Village,California,38.0052005,-121.3282812
Linden,California,38.0213118,-121.0838313
Lindsay,California,36.2030064,-119.08816
Litchfield,California,40.3826772,-120.3871634
Little Grass Valley,California,39.7277013,-120.9589496
Littlerock,California,34.521104,-117.9836793
Live Oak,California,39.2757232,-121.6599701
Livermore,California,37.6818688,-121.7684732
Livingston,California,37.3868826,-120.7235329
Llano,California,34.5058282,-117.8178409
Lockeford,California,38.1635297,-121.1499447
Lockwood,California,35.9440546,-121.082081
Lodi,California,38.1341477,-121.2722194
Loleta,California,40.6411002,-124.2263437
Loma Linda,California,34.0483474,-117.2611527
Loma Mar,California,37.2710544,-122.3085815
Lomita,California,33.7922392,-118.3150722
Lompoc,California,34.6391501,-120.4579409
Lone Pine,California,36.6060444,-118.0628654
Long Barn,California,38.0929762,-120.1343539
Long Beach,California,33.7700504,-118.1937395
Lookout,California,41.2081019,-121.1498539
Loomis,California,38.8212889,-121.1930041
Los Alamitos,California,33.8032009,-118.0718894
Los Alamos,California,34.7444264,-120.2782114
Los Altos,California,37.3852183,-122.1141298
Los Altos Hills,California,37.3796627,-122.1374637
Los Angeles,California,34.0522342,-118.2436849
Los Banos,California,37.0582786,-120.8499151
Los Gatos,California,37.2358078,-121.9623751
Los Molinos,California,40.0212683,-122.1002666
Los Olivos,California,34.6677172,-120.1150067
Los Osos,California,35.3072291,-120.8384093
Lost Hills,California,35.616349,-119.6942941
Lotus,California,38.801568,-120.9085501
Lower Lake,California,38.9104546,-122.6102614
Loyalton,California,39.6762936,-120.2410385
Lucerne,California,39.0901708,-122.7963806
Lucerne Valley,California,34.4437599,-116.9676823
Lynwood,California,33.930293,-118.2114603
Lytle Creek,California,34.2591728,-117.5000512
Macdoel,California,41.8268154,-122.0052851
Mad River,California,40.4516036,-123.5042945
Madeline,California,41.051696,-120.4760057
Madera,California,36.9613356,-120.0607176
Madison,California,38.6793483,-121.9683023
Magalia,California,39.8121058,-121.5783059
Malibu,California,34.0259216,-118.7797571
Mammoth Lakes,California,37.648546,-118.972079
Manchester,California,38.9699164,-123.6869288
Manhattan Beach,California,33.8847361,-118.4109089
Manteca,California,37.7974273,-121.2160526
Manton,California,40.4351568,-121.8699903
Maricopa,California,35.058858,-119.4009509
Marina,California,36.6844029,-121.802173
Marina del Rey,California,33.9802893,-118.4517449
Mariposa,California,37.4849377,-119.9662843
Markleeville,California,38.6937227,-119.7796826
Marshall,California,38.1632308,-122.8925483
Marysville,California,39.1457253,-121.5913547
Mather,California,38.5434594,-121.2783728
Maxwell,California,39.2762238,-122.1917266
Maywood,California,33.9866807,-118.185349
Mc Farland,California,35.6780104,-119.2292748
Mc Kittrick,California,35.3055201,-119.6226239
McArthur,California,41.0501634,-121.3991468
McCloud,California,41.2557119,-122.1394487
McKinleyville,California,40.9465152,-124.1006205
Meadow Valley,California,39.9296124,-121.0607909
Meadow Vista,California,39.0010079,-121.0218887
Mecca,California,33.571692,-116.0772244
Mendocino,California,39.3076744,-123.7994591
Mendota,California,36.7535611,-120.3815574
Menifee,California,33.6971468,-117.185294
Menlo Park,California,37.4529598,-122.1817252
Mentone,California,34.070013,-117.1344806
Merced,California,37.3021632,-120.4829677
Meridian,California,39.1433881,-121.9146681
Mettler,California,35.0632871,-118.9718697
Mi Wuk Village,California,38.065755,-120.1849105
Middletown,California,38.7524045,-122.6149853
Midpines,California,37.5443798,-119.9204507
Milford,California,40.1713098,-120.3725531
Mill Creek,California,40.3603384,-121.4934599
Mill Valley,California,37.9060368,-122.5449763
Millbrae,California,37.5985468,-122.3871942
Millville,California,40.5767907,-122.1193384
Milpitas,California,37.4323341,-121.8995741
Mineral,California,40.3476588,-121.5949804
Mira Loma,California,33.9845417,-117.5159449
Miramonte,California,36.6923325,-119.05186
Miranda,California,40.2344821,-123.8243505
Mission Canyon,California,34.4508303,-119.7129141
Mission Viejo,California,33.5968913,-117.6581562
Modesto,California,37.6392595,-120.9970014
Mojave,California,35.0524699,-118.1739645
Mokelumne Hill,California,38.3004709,-120.7063219
Monrovia,California,34.1442616,-118.0019482
Montague,California,41.7281985,-122.5278007
Montara,California,37.5421617,-122.5160892
Montclair,California,34.0775104,-117.6897776
Monte Rio,California,38.4654695,-123.0088886
Montebello,California,34.0165053,-118.1137535
Montecito,California,34.4366626,-119.6320753
Monterey,California,36.6002378,-121.8946761
Monterey Park,California,34.0625106,-118.1228476
Montgomery Creek,California,40.8415447,-121.9236073
Moorpark,California,34.285558,-118.8820414
Morada,California,38.0428798,-121.2462062
Moraga,California,37.8349263,-122.1296871
Moreno Valley,California,33.9424658,-117.2296717
Morgan Hill,California,37.1305012,-121.6543901
Morongo Valley,California,34.0469549,-116.5808472
Morro Bay,California,35.3659445,-120.8499924
Moss Beach,California,37.5274401,-122.5133117
Moss Landing,California,36.8044003,-121.7868953
Mount Baldy,California,34.2363809,-117.6589752
Mount Laguna,California,32.8674653,-116.4187931
Mount Shasta,California,41.3098746,-122.3105666
Mountain Center,California,33.704948,-116.7254459
Mountain Ranch,California,38.2282509,-120.5407599
Mountain View,California,37.3860517,-122.0838511
Murphys,California,38.1374202,-120.4596437
Murrieta,California,33.5539143,-117.2139232
Muscoy,California,34.1541763,-117.3442118
Myers Flat,California,40.2664122,-123.8700843
Napa,California,38.2975381,-122.286865
National City,California,32.6781085,-117.0991967
Needles,California,34.8480597,-114.6141315
Nelson,California,39.5520331,-121.7658484
Nevada City,California,39.2615606,-121.0160594
New Cuyama,California,34.94446,-119.6871779
New Pine Creek,California,41.9930188,-120.2980281
Newark,California,37.5299765,-122.0383968
Newberry Springs,California,34.8286042,-116.6889227
Newcastle,California,38.8736824,-121.1338884
Newman,California,37.3137067,-121.0205526
Newport Beach,California,33.6188829,-117.9298493
Nicasio,California,38.0617095,-122.6991484
Nice,California,39.1232253,-122.848327
Nicolaus,California,38.9042927,-121.5781667
Niland,California,33.2400366,-115.5188756
Nipomo,California,35.0427547,-120.4759986
Nipton,California,35.4667733,-115.2711639
Norco,California,33.9311257,-117.548661
North Fair Oaks,California,37.4743823,-122.1966319
North Fork,California,37.2293678,-119.5094012
North Palm Springs,California,33.9227924,-116.5430685
North San Juan,California,39.3700973,-121.1038655
North Tustin,California,33.7635422,-117.7901088
Norwalk,California,33.9022367,-118.081733
Novato,California,38.1074198,-122.5697032
Nubieber,California,41.0961172,-121.1817548
Nuevo,California,33.801408,-117.145866
O Neals,California,37.126968,-119.6955277
Oak Park,California,34.1791715,-118.7628685
Oak Run,California,40.6851543,-122.0247203
Oak View,California,34.399996,-119.3001134
Oakdale,California,37.7666263,-120.8470308
Oakhurst,California,37.3279997,-119.6493154
Oakland,California,37.8043514,-122.2711639
Oakley,California,37.9974219,-121.7124536
Occidental,California,38.4076501,-122.9477131
Oceano,California,35.0988648,-120.612393
Oceanside,California,33.1958696,-117.3794834
Ocotillo,California,32.7386713,-115.99418
Oildale,California,35.4196799,-119.0195452
Ojai,California,34.4480495,-119.242889
Olancha,California,36.2818827,-118.0064718
Old Station,California,40.6753521,-121.4307646
Olivehurst,California,39.0954484,-121.5521858
Ontario,California,34.0633443,-117.6508876
Onyx,California,35.6902305,-118.220634
Orange,California,33.7879139,-117.8531007
Orange Cove,California,36.624394,-119.3137301
Orangevale,California,38.6785145,-121.2257818
Oregon House,California,39.3443429,-121.2651609
Orick,California,41.2863689,-124.0597992
Orinda,California,37.8771476,-122.1796888
Orland,California,39.7473803,-122.1963748
Orleans,California,41.3009016,-123.5417933
Orosi,California,36.5449499,-119.2873384
Oroville,California,39.5137752,-121.556359
Oxnard,California,34.1975048,-119.1770516
Pacific Grove,California,36.6177374,-121.9166215
Pacifica,California,37.6138253,-122.4869194
Paicines,California,36.7289127,-121.2788708
Pala,California,33.3652166,-117.0764739
Palermo,California,39.4354432,-121.5380243
Palm Desert,California,33.7222445,-116.3744556
Palm Springs,California,33.8302961,-116.5452921
Palmdale,California,34.5794343,-118.1164613
Palo Alto,California,37.4418834,-122.1430195
Palo Cedro,California,40.5637631,-122.2388916
Palomar Mountain,California,33.3633675,-116.8355789
Palos Verdes Estates,California,33.8005714,-118.3900737
Palos Verdes Peninsula,California,33.7683844,-118.3492165
Paradise,California,39.7596061,-121.6219177
Paramount,California,33.8894598,-118.1597911
Pasadena,California,34.1477849,-118.1445155
Paskenta,California,39.8845702,-122.5464131
Paso Robles,California,35.6368759,-120.6545022
Patterson,California,37.4716546,-121.1299128
Pauma Valley,California,33.3033679,-116.9814167
Paynes Creek,California,40.3345717,-121.9143734
Pearblossom,California,34.5064141,-117.9096804
Penn Valley,California,39.196005,-121.1910659
Penngrove,California,38.29975,-122.6664251
Penryn,California,38.8519794,-121.1692868
Perris,California,33.7825194,-117.2286478
Pescadero,California,37.2551636,-122.3830152
Petaluma,California,38.232417,-122.6366524
Petrolia,California,40.3253487,-124.2861705
Phelan,California,34.426288,-117.5725628
Philo,California,39.0657324,-123.4450093
Pico Rivera,California,33.9830688,-118.096735
Piedmont,California,37.8244063,-122.2314865
Pilot Hill,California,38.8344149,-121.0141825
Pine Grove,California,38.4133517,-120.6591314
Pine Mountain Club,California,34.8462176,-119.1560394
Pine Valley,California,32.8214402,-116.5291841
Pinecrest,California,38.1923581,-119.9946131
Pinole,California,38.0043667,-122.2988587
Pinon Hills,California,34.433237,-117.6467917
Pioneer,California,38.4318551,-120.5718719
Pioneertown,California,34.1564418,-116.4986445
Piru,California,34.4152743,-118.7939824
Pismo Beach,California,35.1427533,-120.6412827
Pittsburg,California,38.0279762,-121.8846806
Pixley,California,35.9685648,-119.2917785
Placentia,California,33.8710729,-117.8627548
Placerville,California,38.7296252,-120.798546
Planada,California,37.2907749,-120.3185161
Platina,California,40.3595937,-122.894741
Pleasant Grove,California,38.8240089,-121.4835683
Pleasant Hill,California,37.9479786,-122.0607963
Pleasanton,California,37.6604484,-121.8757968
Plymouth,California,38.4818531,-120.844659
Point Arena,California,38.908798,-123.6930726
Point Reyes Station,California,38.0690894,-122.8069356
Pollock Pines,California,38.7612923,-120.5865935
Pomona,California,34.055103,-117.7499909
Pope Valley,California,38.6151837,-122.427757
Port Costa,California,38.0463097,-122.1833005
Port Hueneme,California,34.1477829,-119.1951074
Porterville,California,36.06523,-119.0167679
Portola,California,39.8104567,-120.4691034
Portola Valley,California,37.3841066,-122.2352443
Posey,California,35.8046737,-118.6828662
Potrero,California,32.6047822,-116.6130731
Potter Valley,California,39.3221089,-123.113059
Poway,California,32.9628232,-117.0358646
Prather,California,37.0374497,-119.5140236
Princeton,California,39.4032192,-122.009975
Quincy,California,39.9368363,-120.9471764
Rackerby,California,39.4396107,-121.3413522
Raisin City,California,36.602448,-119.9040349
Ramona,California,33.0413604,-116.8792553
Ranchita,California,33.2100397,-116.5166835
Rancho Cordova,California,38.5890723,-121.302728
Rancho Cucamonga,California,34.1063989,-117.5931084
Rancho Palos Verdes,California,33.7444613,-118.3870173
Rancho Santa Fe,California,33.020321,-117.202813
Rancho Santa Margarita,California,33.640171,-117.602832
Randsburg,California,35.3685739,-117.6581161
Ravendale,California,40.7979139,-120.3658862
Raymond,California,37.2152509,-119.9062517
Red Bluff,California,40.1784886,-122.2358302
Redcrest,California,40.400686,-123.9496128
Redding,California,40.5865396,-122.3916754
Redlands,California,34.0555693,-117.1825381
Redondo Beach,California,33.8491816,-118.3884078
Redway,California,40.1201443,-123.8233635
Redwood City,California,37.4852152,-122.2363548
Redwood Valley,California,39.2652491,-123.2041429
Reedley,California,36.5963395,-119.4504029
Rialto,California,34.1064001,-117.3703235
Richgrove,California,35.7966198,-119.1078814
Richmond,California,37.9357576,-122.3477486
Richvale,California,39.4958697,-121.744858
Ridgecrest,California,35.6224561,-117.6708966
Rio Dell,California,40.4993013,-124.1064369
Rio Linda,California,38.6910138,-121.4485654
Rio Oso,California,38.9572825,-121.5436099
Rio Vista,California,38.1557502,-121.6913439
Ripon,California,37.7394537,-121.1354141
River Pines,California,38.5462958,-120.7440998
Riverbank,California,37.7360111,-120.9357139
Riverdale,California,36.431061,-119.8595833
Riverside,California,33.9806005,-117.3754942
Robbins,California,38.8702729,-121.7052473
Rocklin,California,38.7907339,-121.2357828
Rodeo,California,38.032977,-122.2669138
Rohnert Park,California,38.3396367,-122.7010984
Rolling Hills,California,33.7569615,-118.3539613
Rolling Hills Estates,California,33.7877943,-118.3581284
Rosamond,California,34.8641446,-118.1634075
Rosedale,California,35.3835708,-119.1453834
Rosemead,California,34.0805651,-118.072846
Rosemont,California,38.5518507,-121.3646739
Roseville,California,38.7521235,-121.2880059
Ross,California,37.9624239,-122.5549775
Rough and Ready,California,39.2301507,-121.136075
Round Mountain,California,40.7940442,-121.9419412
Rowland Heights,California,33.9761238,-117.9053395
Running Springs,California,34.2077859,-117.1092049
Sacramento,California,38.5815719,-121.4943996
Saint Helena,California,38.5052429,-122.4703868
Salida,California,37.7057623,-121.0849369
Salinas,California,36.6777372,-121.6555013
Salton City,California,33.2986497,-115.9561112
Salyer,California,40.8917517,-123.5827846
Samoa,California,40.8187372,-124.1864517
San Andreas,California,38.1960298,-120.6804872
San Anselmo,California,37.9746458,-122.5616448
San Ardo,California,36.0205207,-120.9051826
San Bernardino,California,34.1083449,-117.2897652
San Bruno,California,37.6304904,-122.4110835
San Carlos,California,37.5071591,-122.2605222
San Clemente,California,33.4273521,-117.6126004
San Diego,California,32.715738,-117.1610838
San Dimas,California,34.1066756,-117.8067257
San Fernando,California,34.2819461,-118.4389719
San Francisco,California,37.7749295,-122.4194155
San Gabriel,California,34.0961111,-118.1058333
San Geronimo,California,38.0132562,-122.6638731
San Gregorio,California,37.3269704,-122.3864706
San Jacinto,California,33.7839084,-116.958635
San Joaquin,California,37.9175935,-121.1710389
San Jose,California,37.3382082,-121.8863286
San Juan Bautista,California,36.8455108,-121.5379974
San Juan Capistrano,California,33.5019027,-117.6627655
San Leandro,California,37.7257663,-122.1568554
San Lorenzo,California,37.6793968,-122.1267054
San Lucas,California,36.1288547,-121.0204672
San Luis Obispo,California,35.2827524,-120.6596156
San Marcos,California,33.1433723,-117.1661449
San Marino,California,34.121397,-118.1064585
San Martin,California,37.0849464,-121.6102216
San Mateo,California,37.5629917,-122.3255254
San Miguel,California,35.7524679,-120.6962826
San Pablo,California,37.9621457,-122.3455263
San Quentin,California,37.9413246,-122.484704
San Rafael,California,37.9735346,-122.5310874
San Ramon,California,37.7643595,-121.9539616
San Simeon,California,35.6440143,-121.1893211
Sand City,California,36.6171819,-121.8482855
Sanger,California,36.708006,-119.5559652
Santa Ana,California,33.7454725,-117.867653
Santa Barbara,California,34.4208305,-119.6981901
Santa Clara,California,37.3541079,-121.9552356
Santa Clarita,California,34.3916641,-118.542586
Santa Cruz,California,36.9741171,-122.0307963
Santa Fe Springs,California,33.9472359,-118.0853451
Santa Maria,California,34.9530337,-120.4357191
Santa Monica,California,34.0194543,-118.4911912
Santa Paula,California,34.3541659,-119.0592705
Santa Rosa,California,38.440429,-122.7140548
Santa Ynez,California,34.6144313,-120.079868
Santa Ysabel,California,33.1091684,-116.673794
Santee,California,32.8383828,-116.9739167
Saratoga,California,37.2638324,-122.0230146
Sausalito,California,37.8590937,-122.4852507
Scotia,California,40.4823572,-124.1008808
Scotts Valley,California,37.0510595,-122.0146841
Seal Beach,California,33.7414085,-118.1047682
Seaside,California,36.6149217,-121.822098
Sebastopol,California,38.4021359,-122.8238806
Seiad Valley,California,41.8404055,-123.1925489
Selma,California,36.5707838,-119.6120765
Seven Trees,California,37.2860536,-121.8385638
Shafter,California,35.5005139,-119.2717761
Shandon,California,35.6552464,-120.3754325
Shasta,California,40.598119,-122.4907566
Shasta Lake,California,40.6804279,-122.3708419
Shaver Lake,California,37.104114,-119.3176258
Sheridan,California,38.979553,-121.3761032
Shingle Springs,California,38.6691362,-120.9359987
Shingletown,California,40.4923784,-121.8891586
Sierra City,California,39.5664883,-120.6340689
Sierra Madre,California,34.1616729,-118.0528456
Sierraville,California,39.5895383,-120.3669804
Signal Hill,California,33.8044614,-118.1678456
Silverado,California,33.7481369,-117.6406523
Simi Valley,California,34.2694474,-118.781482
Simmler,California,35.3513983,-119.9856337
Sloughhouse,California,38.4956937,-121.1945204
Smartsville,California,39.2077473,-121.2988335
Smith River,California,41.9281678,-124.1470273
Snelling,California,37.5193136,-120.4377905
Soda Springs,California,39.3232377,-120.3799251
Solana Beach,California,32.991155,-117.2711481
Soledad,California,36.424687,-121.3263187
Solvang,California,34.5958201,-120.1376481
Somerset,California,38.64762,-120.685388
Somes Bar,California,41.3762377,-123.4761693
Somis,California,34.2637508,-118.9946323
Sonoma,California,38.291859,-122.4580356
Sonora,California,37.9829496,-120.3821724
Soquel,California,36.9880057,-121.9566267
Soulsbyville,California,37.9846467,-120.2638005
South El Monte,California,34.0519548,-118.0467339
South Gate,California,33.954737,-118.2120161
South Lake Tahoe,California,38.939926,-119.9771868
South Pasadena,California,34.1161196,-118.1503488
South San Francisco,California,37.654656,-122.4077498
South San Jose Hills,California,34.0098285,-117.9090408
South Yuba City,California,39.1165329,-121.637973
Spring Valley,California,32.744774,-116.998916
Springville,California,36.1302265,-118.8181495
Squaw Valley,California,39.1969804,-120.2357055
Standish,California,40.3651768,-120.4221645
Stanford,California,37.424106,-122.1660756
Stanton,California,33.8028875,-117.9931203
Stevinson,California,37.3276719,-120.8511291
Stinson Beach,California,37.9004816,-122.6444263
Stirling City,California,39.9076606,-121.5280275
Stockton,California,37.9577016,-121.2907796
Stonyford,California,39.3750411,-122.5445485
Stratford,California,36.1893956,-119.8231877
Strathmore,California,36.145507,-119.0606587
Strawberry,California,38.19825,-120.009351
Strawberry Valley,California,39.564057,-121.1069018
Sugarloaf,California,34.2433411,-116.8289178
Suisun City,California,38.2382474,-122.040244
Sultana,California,36.5451601,-119.3403936
Summerland,California,34.4220518,-119.5981636
Sunnyvale,California,37.36883,-122.0363496
Sunol,California,37.5940369,-121.8884812
Sunol-Midtown,California,37.3247466,-121.9081972
Susanville,California,40.4162842,-120.6530063
Sutter,California,39.1598915,-121.7527482
Taft,California,35.1424671,-119.4565078
Taft Mosswood,California,37.9143294,-121.2840945
Tahoe City,California,39.1677134,-120.1451812
Tahoe Vista,California,39.2399068,-120.0510249
Tahoma,California,39.0674074,-120.1282439